Georges Le Fèvre	1925-01-21	L’intransigeant	Kifane	Maroc	33.8605	-5.461170000000038	Devant les crêtes du Riff — Pour imposer le respect à quelques 'salopards'	https://www.retronews.fr/journal/l-intransigeant/21-janvier-1925/44/922693/1
Georges Le Fèvre	1925-01-24	L’intransigeant	Fez	Maroc	34.0346534	-5.0161926	Notre enquête au Maroc — Une photographie indiscrète dans la zone dissidente	https://www.retronews.fr/journal/l-intransigeant/24-janvier-1925/44/922653/1
Georges Le Fèvre	1925-01-25	L’intransigeant	n.i.	Maroc	31.1728205	-7.3362482	Un marocain de nos amis — À quoi rêve Ahmed Ould Melbouh dit 'l'Égorgé'	https://www.retronews.fr/journal/l-intransigeant/25-janvier-1925/44/906721/1
Georges Le Fèvre	1925-01-30	L’intransigeant	Fez	Maroc	34.0346534	-5.0161926	Fez, coeur sensible du Maroc	https://www.retronews.fr/journal/l-intransigeant/30-janvier-1925/44/906729/1
Georges Le Fèvre	1925-01-31	L’intransigeant	Meknès	Maroc	33.8978116	-5.5319836	Sur la route de Meknès — Le Maroc industriel	https://www.retronews.fr/journal/l-intransigeant/31-janvier-1925/44/906571/1
Georges Le Fèvre	1925-02-02	L’intransigeant	Rabat	Maroc	34.022405	-6.834543	Notre enquête au Maroc — Le sultan et la linotype	https://www.retronews.fr/journal/l-intransigeant/02-fevrier-1925/44/906573/1
Georges Le Fèvre	1925-02-17	L’intransigeant	n.i.	n.i.			La route de demain — Les champs et les villes sous ma carlingue	https://www.retronews.fr/journal/l-intransigeant/17-fevrier-1925/44/906695/1
Georges Le Fèvre	1925-09-20	Le Journal	Au large de Cayenne (à bord du Biskra)	Guyane	4.9371143	-52.3258307	Une grande enquête du Journal — Au pays de l'expiation, de l'or et de la fièvre	https://www.retronews.fr/journal/le-journal/20-septembre-1925/129/246579/1
Georges Le Fèvre	1925-09-21	Le Journal	Cayenne	Guyane	4.937114	-52.325831	Au pays de l'expiation, de l'or et de la fièvre — Les danseurs déchaînés du bal Dou-Dou	https://www.retronews.fr/journal/le-journal/21-septembre-1925/129/247571/1
Georges Le Fèvre	1925-09-22	Le Journal	Cayenne	Guyane	4.937115	-52.325832	Au pays de l'expiation, de l'or et de la fièvre — L'Urubu, oiseau de malheur	https://www.retronews.fr/journal/le-journal/22-septembre-1925/129/248385/1
Georges Le Fèvre	1925-09-23	Le Journal	Cayenne	Guyane	4.937116	-52.325833	Au pays de l'expiation, de l'or et de la fièvre — Les danseurs déchaînés du bal Dou-Dou	https://www.retronews.fr/journal/le-journal/23-septembre-1925/129/109143/1
Georges Le Fèvre	1925-09-24	Le Journal	Cayenne	Guyane	4.937117	-52.325834	Au pays de l'expiation, de l'or et de la fièvre — Bertrand, Tubal et Gracieuse	https://www.retronews.fr/journal/le-journal/24-septembre-1925/129/110077/1
Georges Le Fèvre	1925-09-25	Le Journal	Cayenne	Guyane	4.937118	-52.325835	Au pays de l'expiation, de l'or et de la fièvre — Le gouverneur Chanel	https://www.retronews.fr/journal/le-journal/25-septembre-1925/129/109141/1
Georges Le Fèvre	1925-09-27	Le Journal	Saint-Joseph	Guyane	4.0039882	-52.999998	Au pays de l'expiation, de l'or et de la fièvre — Le tombeau des hommes vivants	https://www.retronews.fr/journal/le-journal/27-septembre-1925/129/109139/2
Georges Le Fèvre	1925-09-28	Le Journal	Cayenne	Guyane	4.937118	-52.325835	Au pays de l'expiation, de l'or et de la fièvre — Le cabanon des innocents	https://www.retronews.fr/journal/le-journal/28-septembre-1925/129/577083/1
Georges Le Fèvre	1925-10-01	Le Journal	Île du Diable	Guyane	5.2937614	-52.5830217	Au pays de l'expiation, de l'or et de la fièvre — Les déportés de l'île du diable	https://www.retronews.fr/journal/le-journal/1-octobre-1925/129/246577/1
Georges Le Fèvre	1925-10-03	Le Journal	Île Royale	Guyane	5.287025	-52.5895559	Au pays de l'expiation, de l'or et de la fièvre — La 'débrouille' d'un surveillant	https://www.retronews.fr/journal/le-journal/3-octobre-1925/129/577745/1
Georges Le Fèvre	1925-10-04	Le Journal	Cayenne	Guyane	4.937118	-52.325835	Au pays de l'expiation, de l'or et de la fièvre — La route coloniale n° zéro… virgule cinq	https://www.retronews.fr/journal/le-journal/4-octobre-1925/129/391937/1
Georges Le Fèvre	1925-10-06	Le Journal	Cayenne	Guyane	4.937118	-52.325835	Au pays de l'expiation, de l'or et de la fièvre — Gouverneur contre directeur	https://www.retronews.fr/journal/le-journal/6-octobre-1925/129/233183/1
Georges Le Fèvre	1925-10-08	Le Journal	n.i.	Guyane	4.937118	-52.325835	Au pays de l'expiation, de l'or et de la fièvre — Deux souvenirs : Duez et Ullmo	https://www.retronews.fr/journal/le-journal/8-octobre-1925/129/234163/1
Georges Le Fèvre	1925-10-10	Le Journal	n.i.	Guyane	4.937118	-52.325835	Au pays de l'expiation, de l'or et de la fièvre — Le dossier Amour Lakdar	https://www.retronews.fr/journal/le-journal/10-octobre-1925/129/110075/1
Georges Le Fèvre	1925-10-12	Le Journal	n.i.	Guyane	4.937118	-52.325835	Au pays de l'expiation, de l'or et de la fièvre — Un dîner 'de couleur'	https://www.retronews.fr/journal/le-journal/12-octobre-1925/129/230237/1
Georges Le Fèvre	1925-10-13	Le Journal	Sur le fleuve	Guyane	4.0039882	-52.999998	Au pays de l'expiation, de l'or et de la fièvre — La montée sur le fleuve	https://www.retronews.fr/journal/le-journal/13-octobre-1925/129/233181/1
Georges Le Fèvre	1925-10-16	Le Journal	n.i.	Guyane	4.937118	-52.325835	Au pays de l'expiation, de l'or et de la fièvre — Cent millions d'or par an	https://www.retronews.fr/journal/le-journal/16-octobre-1925/129/656573/1
Georges Le Fèvre	1925-10-18	Le Journal	n.i.	Guyane	4.937118	-52.325835	Au pays de l'expiation, de l'or et de la fièvre — Les forçats de l'or	https://www.retronews.fr/journal/le-journal/18-octobre-1925/129/112395/1
Georges Le Fèvre	1925-10-19	Le Journal	Saint-Laurent du Maroni	Guyane	5.50391	-54.0288	Au pays de l'expiation, de l'or et de la fièvre — Ménard, concessionnaire	https://www.retronews.fr/journal/le-journal/19-octobre-1925/129/240609/1
Georges Le Fèvre	1925-10-21	Le Journal	Saint-Laurent du Maroni	Guyane	5.50391	-54.0288	Au pays de l'expiation, de l'or et de la fièvre — Charvin-les Incos	https://www.retronews.fr/journal/le-journal/21-octobre-1925/129/248999/1
Georges Le Fèvre	1925-10-22	Le Journal	n.i.	Guyane	4.937118	-52.325835	Au pays de l'expiation, de l'or et de la fièvre — Saint-Jean : les pieds de biche	https://www.retronews.fr/journal/le-journal/22-octobre-1925/129/110073/1
Georges Le Fèvre	1925-10-23	Le Journal	Îlot à 50m de la côte	Guyane	4.937118	-52.325835	Au pays de l'expiation, de l'or et de la fièvre — Saint-Louis : les lépreux	https://www.retronews.fr/journal/le-journal/23-octobre-1925/129/247567/1
Georges Le Fèvre	1925-10-24	Le Journal	Saint-Laurent du Maroni	Guyane	5.50391	-54.0288	Au pays de l'expiation, de l'or et de la fièvre — Forçats d'audience	https://www.retronews.fr/journal/le-journal/24-octobre-1925/129/1192213/1
Georges Le Fèvre	1927-04-16	Le Journal	Paris (rue Vignon)	France	48.856699	2.351464	Le tour du monde en vingt tableaux — Partir, c'est patienter beaucoup et payer mille francs de timbres	https://www.retronews.fr/journal/le-journal/16-avril-1927/129/577845/1
Georges Le Fèvre	1927-04-17	Le Journal	Marseille (au large)	France	43.2961744	5.3699526	Le tour du monde en vingt tableaux — Premiers tours d'hélice	https://www.retronews.fr/journal/le-journal/17-avril-1927/129/111557/1
Georges Le Fèvre	1927-04-18	Le Journal	Au large de la botte italienne		37.42959670444436	16.26688026562499	Le tour du monde en vingt tableaux — En attendant Port-Saïd	https://www.retronews.fr/journal/le-journal/18-avril-1927/129/109229/1
Georges Le Fèvre	1927-04-19	Le Journal	Port-Saïd	Egypte	31.263235	32.305505	Le tour du monde en vingt tableaux — Port-Saïd	https://www.retronews.fr/journal/le-journal/19-avril-1927/129/251035/1
Georges Le Fèvre	1927-04-20	Le Journal	Au large de Djibouti		11.8567755	42.7577845	Le tour du monde en vingt tableaux — Les trois palmiers de Djibouti	https://www.retronews.fr/journal/le-journal/20-avril-1927/129/246667/1
Georges Le Fèvre	1927-04-21	Le Journal	Passé le soixantième degré de longitude		11.808061	63.740389	Le tour du monde en vingt tableaux — Columbo	https://www.retronews.fr/journal/le-journal/21-avril-1927/129/110167/1
Georges Le Fèvre	1927-04-22	Le Journal	Penang	Malaisie	5.4065013	100.2559077	Le tour du monde en vingt tableaux — Malaisie	https://www.retronews.fr/journal/le-journal/22-avril-1927/129/228433/1
Georges Le Fèvre	1927-04-23	Le Journal	Singapour	Singapour	1.2904753	103.8520359	Le tour du monde en vingt tableaux — Le sourire du chinois	https://www.retronews.fr/journal/le-journal/23-avril-1927/129/228429/1
Georges Le Fèvre	1927-04-24	Le Journal	Batavia	Indonésie	-6.1753942	106.827183	Le tour du monde en vingt tableaux — Java	https://www.retronews.fr/journal/le-journal/24-avril-1927/129/110165/1
Georges Le Fèvre	1927-04-25	Le Journal	Sumatra		-0.1441078	101.6245609	Le tour du monde en vingt tableaux — Derniers anthropophages. Premiers bolchevistes	https://www.retronews.fr/journal/le-journal/25-avril-1927/129/234837/1
Georges Le Fèvre	1927-04-26	Le Journal	Angkor	Cambodge	13.4125	103.86699999999996	Le tour du monde en vingt tableaux — L'éléphant d'Angkor	https://www.retronews.fr/journal/le-journal/26-avril-1927/129/246661/1
Georges Le Fèvre	1927-04-27	Le Journal	Saïgon		10.6497452	106.7619794	Le tour du monde en vingt tableaux — Histoire de chasse	https://www.retronews.fr/journal/le-journal/27-avril-1927/129/251031/1
Georges Le Fèvre	1927-04-28	Le Journal	Hong-Kong		22.350627	114.1849161	Le tour du monde en vingt tableaux — Hong-Kong	https://www.retronews.fr/journal/le-journal/28-avril-1927/129/246659/1
Georges Le Fèvre	1927-04-29	Le Journal	Nagasaki	Japon	33.1154683	129.7874339	Le tour du monde en vingt tableaux — Les Français de Nagasaki	https://www.retronews.fr/journal/le-journal/29-avril-1927/129/110161/1
Georges Le Fèvre	1927-04-30	Le Journal	Nagasaki	Japon	33.1154684	129.7874340	Le tour du monde en vingt tableaux — Le cheval de Jade	https://www.retronews.fr/journal/le-journal/30-avril-1927/129/110963/1
Georges Le Fèvre	1927-05-01	Le Journal	Yokohama	Japon	35.444991	139.636768	Le tour du monde en vingt tableaux — La semaine des deux mercredis	https://www.retronews.fr/journal/le-journal/1-mai-1927/129/233275/1
Georges Le Fèvre	1927-05-02	Le Journal	Vancouver	Canada	49.2608724	-123.1139529	Le tour du monde en vingt tableaux — Canadian Pacific Railway	https://www.retronews.fr/journal/le-journal/2-mai-1927/129/223693/1
Georges Le Fèvre	1927-05-03	Le Journal	Moose Jaw	Etats-Unis	50.401515	-105.542908	Le tour du monde en vingt tableaux — Vancouver-New-York	https://www.retronews.fr/journal/le-journal/3-mai-1927/129/111553/1
Georges Le Fèvre	1927-05-04	Le Journal	New York	Etats-Unis	40.7127281	-74.0060152	Le tour du monde en vingt tableaux — Trois images d'Amérique	https://www.retronews.fr/journal/le-journal/4-mai-1927/129/234233/1
Georges Le Fèvre	1927-05-05	Le Journal	New York	Etats-Unis	40.7127281	-74.0060152	Le tour du monde en vingt tableaux — L'Europe retrouvée	https://www.retronews.fr/journal/le-journal/5-mai-1927/129/111551/1
Georges Le Fèvre	1927-07-20	Le Journal	Vienne	Autriche	48.2084	16.372499999999945	La sanglante journée de Vienne racontée par un témoin oculaire notre collaborateur Georges Le Fèvre	https://www.retronews.fr/journal/le-journal/20-juillet-1927/129/240571/1
Georges Le Fèvre	1927-07-21	Le Journal	Vienne	Autriche	48.2085	16.372499999999946	La sanglante émeute de Vienne a été déclenchée par le parti socialiste	https://www.retronews.fr/journal/le-journal/21-juillet-1927/129/234099/1
Georges Le Fèvre	1927-07-23	Le Journal	Vienne	Autriche	48.2086	16.372499999999947	Funérailles des 87 victimes de l'émeute de Vienne	https://www.retronews.fr/journal/le-journal/23-juillet-1927/129/110021/1
Georges Le Fèvre	1927-07-24	Le Journal	Vienne	Autriche	48.2087	16.372499999999948	Le gouvernement du chancelier Seipel a sauvé Vienne et l'Autriche d'un grave danger	https://www.retronews.fr/journal/le-journal/24-juillet-1927/129/234755/1
Georges Le Fèvre	1927-07-25	Le Journal	Curtea-de-Arges	Roumanie	45.1469341	24.6779826	La Roumanie a fait au roi Ferdinant d'imposantes funérailles	https://www.retronews.fr/journal/le-journal/25-juillet-1927/129/233123/1
Georges Le Fèvre	1927-08-25	Le Journal	Vienne	Autriche	48.2088	16.372499999999949	Le 'Journal' en Europe centrale — Vienne va mourir	https://www.retronews.fr/journal/le-journal/25-aout-1927/129/112113/1
Georges Le Fèvre	1927-08-26	Le Journal	Vienne	Autriche	48.2089	16.372499999999950	Le 'Journal' en Europe centrale — Eglantines viennoises	https://www.retronews.fr/journal/le-journal/26-aout-1927/129/112111/1
Georges Le Fèvre	1927-08-27	Le Journal	Vienne	Autriche	48.2090	16.372499999999951	Le 'Journal' en Europe centrale — Heureux propriétaires	https://www.retronews.fr/journal/le-journal/27-aout-1927/129/234753/1
Georges Le Fèvre	1927-08-28	Le Journal	Vienne	Autriche	48.2091	16.372499999999952	Le 'Journal' en Europe centrale — Mais où sont les archiducs ?	https://www.retronews.fr/journal/le-journal/28-aout-1927/129/278681/1
Georges Le Fèvre	1927-08-29	Le Journal	Vienne	Autriche	48.2092	16.372499999999953	Le 'Journal' en Europe centrale — L'Anschluss	https://www.retronews.fr/journal/le-journal/29-aout-1927/129/247501/1
Georges Le Fèvre	1927-08-30	Le Journal	Vienne	Autriche	48.2093	16.372499999999954	Le 'Journal' en Europe centrale — Orient-Express	https://www.retronews.fr/journal/le-journal/30-aout-1927/129/110017/1
Georges Le Fèvre	1927-08-31	Le Journal	Bucarest	Roumanie	44.4361414	26.1027202	Le 'Journal' en Europe centrale — Bucarest, ma soeur	https://www.retronews.fr/journal/le-journal/31-aout-1927/129/228305/1
Georges Le Fèvre	1927-09-01	Le Journal	Bucarest	Roumanie	44.4361415	26.1027203	Le 'Journal' en Europe centrale — La naissance d'un règne	https://www.retronews.fr/journal/le-journal/1-septembre-1927/129/240567/1
Georges Le Fèvre	1927-09-02	Le Journal	Bucarest	Roumanie	44.4361416	26.1027204	Le 'Journal' en Europe centrale — Carol-Bratiano	https://www.retronews.fr/journal/le-journal/2-septembre-1927/129/247499/1
Georges Le Fèvre	1927-09-03	Le Journal	Chisinau	Roumanie	47.0244707	28.8322534	Le 'Journal' en Europe centrale — Je suis Moldave	https://www.retronews.fr/journal/le-journal/3-septembre-1927/129/234751/1
Georges Le Fèvre	1927-09-04	Le Journal	Au bord du Dniester	Roumanie	48.5573728	27.0884122	Le 'Journal' en Europe centrale — Sur la frontière de deux mondes	https://www.retronews.fr/journal/le-journal/4-septembre-1927/129/247495/1
Georges Le Fèvre	1927-09-05	Le Journal	Au bord du Dniester	Roumanie	48.5573729	27.0884123	Le 'Journal' en Europe centrale — Le miracle	https://www.retronews.fr/journal/le-journal/5-septembre-1927/129/245753/1
Georges Le Fèvre	1927-09-06	Le Journal	Un monastère de Bessarabie		47.492810	28.469845	Le 'Journal' en Europe centrale — Priez pour elles	https://www.retronews.fr/journal/le-journal/6-septembre-1927/129/246521/1
Georges Le Fèvre	1928-03-31	Le Journal	Londres	Angleterre	51.5073219	-0.1276474	Londres inconnu — Vagabond	https://www.retronews.fr/journal/le-journal/31-mars-1928/129/249033/1
Georges Le Fèvre	1928-04-01	Le Journal	Londres	Angleterre	51.5073220	-0.1276475	Londres inconnu — Whitechapel	https://www.retronews.fr/journal/le-journal/1-avril-1928/129/249031/1
Georges Le Fèvre	1928-04-02	Le Journal	Londres	Angleterre	51.5073221	-0.1276476	Londres inconnu — Un lit pour la nuit	https://www.retronews.fr/journal/le-journal/2-avril-1928/129/577135/1
Georges Le Fèvre	1928-04-03	Le Journal	Londres	Angleterre	51.5073222	-0.1276477	Londres inconnu — Les 'slums'	https://www.retronews.fr/journal/le-journal/3-avril-1928/129/278765/1
Georges Le Fèvre	1928-04-04	Le Journal	Londres	Angleterre	51.5073223	-0.1276478	Londres inconnu — Les caves d'Hoxton	https://www.retronews.fr/journal/le-journal/4-avril-1928/129/110917/1
Georges Le Fèvre	1928-04-05	Le Journal	Londres	Angleterre	51.5073224	-0.1276479	Londres inconnu — Beacontree	https://www.retronews.fr/journal/le-journal/5-avril-1928/129/228383/1
Georges Le Fèvre	1928-04-06	Le Journal	Londres	Angleterre	51.5073225	-0.1276480	Londres inconnu — L'embankement	https://www.retronews.fr/journal/le-journal/6-avril-1928/129/227403/1
Georges Le Fèvre	1928-04-07	Le Journal	Londres	Angleterre	51.5073226	-0.1276481	Londres inconnu — Le workhouse	https://www.retronews.fr/journal/le-journal/7-avril-1928/129/234191/1
Georges Le Fèvre	1928-04-08	Le Journal	Londres	Angleterre	51.5073227	-0.1276482	Londres inconnu — En cellule	https://www.retronews.fr/journal/le-journal/8-avril-1928/129/240643/1
Georges Le Fèvre	1928-04-09	Le Journal	Londres	Angleterre	51.5073228	-0.1276483	Londres inconnu — En cellule	https://www.retronews.fr/journal/le-journal/9-avril-1928/129/109183/1
Georges Le Fèvre	1928-05-01	Le Journal	Londres	Angleterre	51.5073229	-0.1276484	Londres inconnu — Fleurs de trottoir	https://www.retronews.fr/journal/le-journal/1-mai-1928/129/277629/1
Georges Le Fèvre	1928-05-02	Le Journal	Londres	Angleterre	51.5073230	-0.1276485	Londres inconnu — Charlie Brown	https://www.retronews.fr/journal/le-journal/2-mai-1928/129/246355/1
Georges Le Fèvre	1928-05-03	Le Journal	Londres	Angleterre	51.5073231	-0.1276486	Londres inconnu — Mon ami le détective	https://www.retronews.fr/journal/le-journal/3-mai-1928/129/234667/1
Georges Le Fèvre	1928-05-04	Le Journal	Londres	Angleterre	51.5073232	-0.1276487	Londres inconnu — Police court	https://www.retronews.fr/journal/le-journal/4-mai-1928/129/278555/1
Georges Le Fèvre	1928-05-05	Le Journal	Londres	Angleterre	51.5073233	-0.1276488	Londres inconnu — La prison de Maidstone	https://www.retronews.fr/journal/le-journal/5-mai-1928/129/245703/1
Georges Le Fèvre	1928-05-06	Le Journal	Londres	Angleterre	51.5073234	-0.1276489	Londres inconnu — L'armée du salut	https://www.retronews.fr/journal/le-journal/6-mai-1928/129/577901/1
Georges Le Fèvre	1928-10-01	Le Journal	Dans un train à la frontière polonaise	Pologne	51.850960223733104	15.080466921874972	Au pays des 'Hommes-Travail' — Recruteur d'hommes	https://www.retronews.fr/journal/le-journal/1-octobre-1928/129/250957/1
Georges Le Fèvre	1928-10-02	Le Journal	Jarosiaw	Pologne	50.0159	22.679700000000025	Au pays des 'Hommes-Travail' — 'Ici on embauche pour la France'	https://www.retronews.fr/journal/le-journal/2-octobre-1928/129/248439/1
Georges Le Fèvre	1928-10-03	Le Journal	Myslowitz	Pologne	50.2414715	19.1414528	Au pays des 'Hommes-Travail' — Le conseil de révision des recrues à destination de nos mines et de nos usines	https://www.retronews.fr/journal/le-journal/3-octobre-1928/129/110139/1
Georges Le Fèvre	1928-10-04	Le Journal	Myslowitz	Pologne	50.2414716	19.1414529	Au pays des 'Hommes-Travail' — La marche d'un convoi d'émigrants de Pologne en France	https://www.retronews.fr/journal/le-journal/4-octobre-1928/129/656575/1
Georges Le Fèvre	1928-10-05	Le Journal	Toul	France	48.6762624	5.8941759	Pourquoi l'ouvrier agricole venu de l'étranger en France ne reste pas attaché à la terre	https://www.retronews.fr/journal/le-journal/5-octobre-1928/129/240669/1
Georges Le Fèvre	1928-10-06	Le Journal	Bruay-en-Artois	France	50.4821963	2.5461922	Au pays des 'Hommes-Travail' — 'Je suis Polonais !'	https://www.retronews.fr/journal/le-journal/6-octobre-1928/129/234217/1
Georges Le Fèvre	1928-10-07	Le Journal	n.i.	France	46.603354	1.888334	Au pays des 'Hommes-Travail' — L'immigration nécessité nationale	https://www.retronews.fr/journal/le-journal/7-octobre-1928/129/233245/1
Georges Le Fèvre	1929-02-08	Le Journal	Berlin	Allemagne	52.5170365	13.3888599	Les Bas-fonds de Berlin — La tragédie de la rue	https://www.retronews.fr/journal/le-journal/8-fevrier-1929/129/278413/1
Georges Le Fèvre	1929-02-09	Le Journal	Berlin	Allemagne	52.5170366	13.3888600	Les Bas-fonds de Berlin — La misère endormie	https://www.retronews.fr/journal/le-journal/9-fevrier-1929/129/227939/1
Georges Le Fèvre	1929-02-10	Le Journal	Berlin	Allemagne	52.5170367	13.3888601	Les Bas-fonds de Berlin — Les prévoyants de l'avenir	https://www.retronews.fr/journal/le-journal/10-fevrier-1929/129/250993/1
Georges Le Fèvre	1929-02-11	Le Journal	Berlin	Allemagne	52.5170368	13.3888602	Les Bas-fonds de Berlin — Sans papiers	https://www.retronews.fr/journal/le-journal/11-fevrier-1929/129/250673/1
Georges Le Fèvre	1929-02-12	Le Journal	Berlin	Allemagne	52.5170369	13.3888603	Les Bas-fonds de Berlin — Au dépôt	https://www.retronews.fr/journal/le-journal/12-fevrier-1929/129/232755/1
Georges Le Fèvre	1929-02-14	Le Journal	Berlin	Allemagne	52.5170370	13.3888604	Les Bas-fonds de Berlin — L'usine où l'on répare le matériel humain	https://www.retronews.fr/journal/le-journal/14-fevrier-1929/129/226979/1
Georges Le Fèvre	1929-02-15	Le Journal	Berlin	Allemagne	52.5170371	13.3888605	Les Bas-fonds de Berlin — Chasseur de lard	https://www.retronews.fr/journal/le-journal/15-fevrier-1929/129/577151/1
Georges Le Fèvre	1929-02-16	Le Journal	Berlin	Allemagne	52.5170372	13.3888606	Les Bas-fonds de Berlin — Chez 'Mon oncle'	https://www.retronews.fr/journal/le-journal/16-fevrier-1929/129/248121/1
Georges Le Fèvre	1929-02-17	Le Journal	Berlin	Allemagne	52.5170373	13.3888607	Les Bas-fonds de Berlin — La gueuserie militante	https://www.retronews.fr/journal/le-journal/17-fevrier-1929/129/577979/1
Georges Le Fèvre	1929-02-18	Le Journal	Berlin	Allemagne	52.5170374	13.3888608	Les Bas-fonds de Berlin — Fausses gorges et plastrons creux	https://www.retronews.fr/journal/le-journal/18-fevrier-1929/129/233733/1
Georges Le Fèvre	1929-02-20	Le Journal	Berlin	Allemagne	52.5170375	13.3888609	Les Bas-fonds de Berlin — Minuit, chrétiens	https://www.retronews.fr/journal/le-journal/20-fevrier-1929/129/227941/1
Georges Le Fèvre	1929-02-21	Le Journal	Hambourg	Allemagne	53.550341	10.000654	Les Bas-fonds de Hambourg — Sankt-Pauli	https://www.retronews.fr/journal/le-journal/21-fevrier-1929/129/248119/1
Georges Le Fèvre	1929-02-22	Le Journal	Hambourg	Allemagne	53.550342	10.000655	Les Bas-fonds de Hambourg — Le cabaret des Pinsons et l'As de Pique	https://www.retronews.fr/journal/le-journal/22-fevrier-1929/129/111289/1
Georges Le Fèvre	1929-02-23	Le Journal	Hambourg	Allemagne	53.550343	10.000656	Les Bas-fonds de Hambourg — Les fous de Friedrischsberg	https://www.retronews.fr/journal/le-journal/23-fevrier-1929/129/2335579/1
Georges Le Fèvre	1929-02-24	Le Journal	Hambourg	Allemagne	53.550344	10.000657	Les Bas-fonds de Hambourg — Prosit Neujahr !	https://www.retronews.fr/journal/le-journal/24-fevrier-1929/129/1192355/1
Georges Le Fèvre	1929-06-09	Le Journal	Paris	France	48.856697	2.351462	Je suis un gueux — Job devant les hommes	https://www.retronews.fr/journal/le-journal/9-juin-1929/129/247107/1
Georges Le Fèvre	1929-06-10	Le Journal	Paris	France	48.856698	2.351463	Je suis un gueux — Au château des Rentiers	https://www.retronews.fr/journal/le-journal/10-juin-1929/129/232741/1
Georges Le Fèvre	1929-06-11	Le Journal	Paris	France	48.856699	2.351464	Je suis un gueux — L'embauche	https://www.retronews.fr/journal/le-journal/11-juin-1929/129/577141/1
Georges Le Fèvre	1929-06-12	Le Journal	Paris	France	48.856700	2.351465	Je suis un gueux — Homme-Cabestan	https://www.retronews.fr/journal/le-journal/12-juin-1929/129/109695/1
Georges Le Fèvre	1929-06-13	Le Journal	Paris	France	48.856701	2.351466	Je suis un gueux — L'Hôtel Bauwens	https://www.retronews.fr/journal/le-journal/13-juin-1929/129/278401/1
Georges Le Fèvre	1929-06-14	Le Journal	Paris	France	48.856702	2.351467	Je suis un gueux — Alleluia ! Alleluia !	https://www.retronews.fr/journal/le-journal/14-juin-1929/129/226965/1
Georges Le Fèvre	1929-06-15	Le Journal	Paris	France	48.856703	2.351468	Je suis un gueux — J'en ai 'refilé une'	https://www.retronews.fr/journal/le-journal/15-juin-1929/129/577139/1
Georges Le Fèvre	1929-06-16	Le Journal	Paris	France	48.856704	2.351469	Je suis un gueux — Diseur à voix	https://www.retronews.fr/journal/le-journal/16-juin-1929/129/240315/1
Georges Le Fèvre	1929-06-17	Le Journal	Paris	France	48.856705	2.351470	Je suis un gueux — Grandeur et décadence de Paul	https://www.retronews.fr/journal/le-journal/17-juin-1929/129/245647/1
Georges Le Fèvre	1929-06-18	Le Journal	Paris	France	48.856706	2.351471	Je suis un gueux — Porter la pancarte	https://www.retronews.fr/journal/le-journal/18-juin-1929/129/111285/1
Georges Le Fèvre	1929-06-19	Le Journal	Paris	France	48.856707	2.351472	Je suis un gueux — Gueules noires et nuits blanches	https://www.retronews.fr/journal/le-journal/19-juin-1929/129/577137/1
Georges Le Fèvre	1929-06-20	Le Journal	Paris	France	48.856708	2.351473	Je suis un gueux — Le parti du bifteck	https://www.retronews.fr/journal/le-journal/20-juin-1929/129/232739/1
Georges Le Fèvre	1929-06-21	Le Journal	Paris	France	48.856709	2.351474	Je suis un gueux — 'Leur' messe	https://www.retronews.fr/journal/le-journal/21-juin-1929/129/391949/1
Georges Le Fèvre	1929-06-22	Le Journal	Paris	France	48.856710	2.351475	Je suis un gueux — Les vieux pilons	https://www.retronews.fr/journal/le-journal/22-juin-1929/129/227925/1
Georges Le Fèvre	1930-01-05	Le Journal	Moscou, 	URSS	55.7504472	37.6174954	Un Bourgeois au pays des Soviets — Contact…	https://www.retronews.fr/journal/le-journal/5-janvier-1930/129/227211/1
Georges Le Fèvre	1930-01-06	Le Journal	Moscou	URSS	55.7504461	37.6174943	Un Bourgeois au pays des Soviets — Décor soviétique	https://www.retronews.fr/journal/le-journal/6-janvier-1930/129/111987/1
Georges Le Fèvre	1930-01-07	Le Journal	Moscou	URSS	55.7504462	37.6174944	Un Bourgeois au pays des Soviets — Le mirage soviétique	https://www.retronews.fr/journal/le-journal/7-janvier-1930/129/656583/1
Georges Le Fèvre	1930-01-08	Le Journal	Moscou	URSS	55.7504463	37.6174945	Un Bourgeois au pays des Soviets — Le paradis du prolétaire	https://www.retronews.fr/journal/le-journal/8-janvier-1930/129/656581/1
Georges Le Fèvre	1930-01-09	Le Journal	Moscou	URSS	55.7504464	37.6174946	Un Bourgeois au pays des Soviets — Dimanche soviétique	https://www.retronews.fr/journal/le-journal/9-janvier-1930/129/227215/1
Georges Le Fèvre	1930-01-10	Le Journal	Moscou	URSS	55.7504465	37.6174947	Un Bourgeois au pays des Soviets — Ames soviétiques	https://www.retronews.fr/journal/le-journal/10-janvier-1930/129/109909/1
Georges Le Fèvre	1930-01-11	Le Journal	Moscou	URSS	55.7504466	37.6174948	Un Bourgeois au pays des Soviets — Appareillage	https://www.retronews.fr/journal/le-journal/11-janvier-1930/129/246399/1
Georges Le Fèvre	1930-01-12	Le Journal	Moscou	URSS	55.7504467	37.6174949	Un Bourgeois au pays des Soviets — Wagon dur	https://www.retronews.fr/journal/le-journal/12-janvier-1930/129/227207/1
Georges Le Fèvre	1930-01-13	Le Journal	Nijni-Novgorod	URSS	56.328571	44.003506	Un Bourgeois au pays des Soviets — La maison numéro 1	https://www.retronews.fr/journal/le-journal/13-janvier-1930/129/233951/1
Georges Le Fèvre	1930-01-14	Le Journal	Nijni-Novgorod	URSS	56.328572	44.003507	Un Bourgeois au pays des Soviets — Jeunesse d'État	https://www.retronews.fr/journal/le-journal/14-janvier-1930/129/228181/1
Georges Le Fèvre	1930-01-15	Le Journal	Nijni-Novgorod	URSS	56.328573	44.003508	Un Bourgeois au pays des Soviets — La fissure	https://www.retronews.fr/journal/le-journal/15-janvier-1930/129/247347/1
Georges Le Fèvre	1930-01-16	Le Journal	Sur le bâteau vers Astrakan	URSS	46.349854	48.031567	Un Bourgeois au pays des Soviets — Confidences de Vania jeune russe	https://www.retronews.fr/journal/le-journal/16-janvier-1930/129/240493/1
Georges Le Fèvre	1930-01-17	Le Journal	Entre Kazan et Samara	URSS	54.65436042421788	49.10225394374993	Un Bourgeois au pays des Soviets — Le 'Soubotnick'	https://www.retronews.fr/journal/le-journal/17-janvier-1930/129/110675/1
Georges Le Fèvre	1930-01-18	Le Journal	Au-delà de Saratov	URSS	51.530018	46.034683	Un Bourgeois au pays des Soviets — Au seuil des steppes	https://www.retronews.fr/journal/le-journal/18-janvier-1930/129/232977/1
Georges Le Fèvre	1930-01-19	Le Journal	Balachov	URSS	51.5502	43.1667	Un Bourgeois au pays des Soviets — Kriouchi	https://www.retronews.fr/journal/le-journal/19-janvier-1930/129/250389/1
Georges Le Fèvre	1930-01-20	Le Journal	Kriouchi	URSS	51.530018	46.034683	Un Bourgeois au pays des Soviets — L'école du déficit	https://www.retronews.fr/journal/le-journal/20-janvier-1930/129/578045/1
Georges Le Fèvre	1930-01-21	Le Journal	Kriouchi (?)	URSS	51.530019	46.034684	Un Bourgeois au pays des Soviets — L'esclave rouge	https://www.retronews.fr/journal/le-journal/21-janvier-1930/129/228179/1
Georges Le Fèvre	1930-01-23	Le Journal	Près de Balachov (commune Rosa Luxembourg)	URSS	51.5502	43.1667	Un Bourgeois au pays des Soviets — La commune 'Rosa Luxembourg'	https://www.retronews.fr/journal/le-journal/23-janvier-1930/129/110673/1
Georges Le Fèvre	1930-01-24	Le Journal	Kazlov (auj. Kouzlov)	URSS	49.7159	42.67039999999997	Un Bourgeois au pays des Soviets — 'Wagon mou'	https://www.retronews.fr/journal/le-journal/24-janvier-1930/129/248301/1
Georges Le Fèvre	1930-01-25	Le Journal	Mine Artem, Chakteï	URSS	49.7159	42.67039999999997	Un Bourgeois au pays des Soviets — Le rouge et le noir	https://www.retronews.fr/journal/le-journal/25-janvier-1930/129/228177/1
Georges Le Fèvre	1930-01-26	Le Journal	Mine Artem, Chakteï	URSS	49.7159	42.67039999999997	Un Bourgeois au pays des Soviets — Le club de la mine	https://www.retronews.fr/journal/le-journal/26-janvier-1930/129/111985/1
Georges Le Fèvre	1930-01-27	Le Journal	Dans le train entre Rostov-sur-le-don et Moscou	URSS	47.2247	39.716499999999996	Un Bourgeois au pays des Soviets — Solovki, terre d'exil	https://www.retronews.fr/journal/le-journal/27-janvier-1930/129/246395/1
Georges Le Fèvre	1930-01-28	Le Journal	Leningrad	URSS	59.938732	30.316229	Un Bourgeois au pays des Soviets — Les travailleurs de l'art	https://www.retronews.fr/journal/le-journal/28-janvier-1930/129/278099/1
Georges Le Fèvre	1930-01-29	Le Journal	Leningrad	URSS	59.938732	30.316229	Un Bourgeois au pays des Soviets — L'actif soviétique	https://www.retronews.fr/journal/le-journal/29-janvier-1930/129/246393/1
Georges Le Fèvre	1930-01-30	Le Journal	Moscou	URSS	55.7504468	37.6174950	Un Bourgeois au pays des Soviets — Le chômeur soviétique	https://www.retronews.fr/journal/le-journal/30-janvier-1930/129/110671/1
Georges Le Fèvre	1930-01-31	Le Journal	Moscou	URSS	55.7504469	37.6174951	Un Bourgeois au pays des Soviets — Vieilles souches	https://www.retronews.fr/journal/le-journal/31-janvier-1930/129/234691/1
Georges Le Fèvre	1930-02-01	Le Journal	Moscou	URSS	55.7504470	37.6174952	Un Bourgeois au pays des Soviets — Un drame soviétique	https://www.retronews.fr/journal/le-journal/1-fevrier-1930/129/223673/1
Georges Le Fèvre	1930-02-02	Le Journal	Moscou	URSS	55.7504471	37.6174953	Un Bourgeois au pays des Soviets — Ceux qui attendent	https://www.retronews.fr/journal/le-journal/2-fevrier-1930/129/578097/1
Georges Le Fèvre	1930-02-03	Le Journal	Dans un train vers Batoum	URSS	41.6187958	41.6227699	Un Bourgeois au pays des Soviets — De la baltique à la mer noire	https://www.retronews.fr/journal/le-journal/3-fevrier-1930/129/246391/1
Georges Le Fèvre	1930-02-04	Le Journal	Batoum	URSS	41.6187958	41.6227699	Un Bourgeois au pays des Soviets — Batoum, terminus	https://www.retronews.fr/journal/le-journal/4-fevrier-1930/129/578043/1
Georges Le Fèvre	1930-07-21	Le Journal	Paris	France	48.856684	2.351449	Dans la Jungle de Paris I	https://www.retronews.fr/journal/le-journal/21-juillet-1930/129/109135/1
Georges Le Fèvre	1930-07-22	Le Journal	Paris	France	48.856685	2.351450	Dans la Jungle de Paris — Le gibier	https://www.retronews.fr/journal/le-journal/22-juillet-1930/129/233149/1
Georges Le Fèvre	1930-07-23	Le Journal	Paris	France	48.856686	2.351451	Dans la Jungle de Paris — Indicateur	https://www.retronews.fr/journal/le-journal/23-juillet-1930/129/247523/1
Georges Le Fèvre	1930-07-24	Le Journal	Paris	France	48.856687	2.351452	Dans la Jungle de Paris — Le chasseur	https://www.retronews.fr/journal/le-journal/24-juillet-1930/129/234125/1
Georges Le Fèvre	1930-07-25	Le Journal	Paris	France	48.856688	2.351453	Dans la Jungle de Paris — La piste	https://www.retronews.fr/journal/le-journal/25-juillet-1930/129/251019/1
Georges Le Fèvre	1930-07-26	Le Journal	Paris	France	48.856689	2.351454	Dans la Jungle de Paris — L'arrestation	https://www.retronews.fr/journal/le-journal/26-juillet-1930/129/577183/1
Georges Le Fèvre	1930-07-27	Le Journal	Paris	France	48.856690	2.351455	Dans la Jungle de Paris — L'interrogatoire	https://www.retronews.fr/journal/le-journal/27-juillet-1930/129/578067/1
Georges Le Fèvre	1930-07-28	Le Journal	Paris	France	48.856691	2.351456	Dans la Jungle de Paris — L'affut	https://www.retronews.fr/journal/le-journal/28-juillet-1930/129/112133/1
Georges Le Fèvre	1930-07-29	Le Journal	Paris	France	48.856692	2.351457	Dans la Jungle de Paris — A la P.J.	https://www.retronews.fr/journal/le-journal/29-juillet-1930/129/110041/1
Georges Le Fèvre	1930-07-31	Le Journal	Paris	France	48.856693	2.351458	Dans la Jungle de Paris — Une affaire de cambriole	https://www.retronews.fr/journal/le-journal/31-juillet-1930/129/110037/1
Georges Le Fèvre	1930-08-01	Le Journal	Paris	France	48.856694	2.351459	Dans la Jungle de Paris — Le complice	https://www.retronews.fr/journal/le-journal/1-aout-1930/129/234123/5
Georges Le Fèvre	1930-08-03	Le Journal	Paris	France	48.856695	2.351460	Dans la Jungle de Paris — Un honnête homme	https://www.retronews.fr/journal/le-journal/3-aout-1930/129/247521/1
Georges Le Fèvre	1930-08-05	Le Journal	Paris	France	48.856696	2.351461	Dans la Jungle de Paris — La perquisition	https://www.retronews.fr/journal/le-journal/5-aout-1930/129/277797/1
Georges Le Fèvre	1930-08-06	Le Journal	Paris	France	48.856697	2.351462	Dans la Jungle de Paris — Dans le trou	https://www.retronews.fr/journal/le-journal/6-aout-1930/129/240585/1
Georges Le Fèvre	1930-10-02	Le Journal	Bergen	Norvège	60.394303	5.325812	Le Journal au Groenland — Une expédition pittoresque au 70ème degré de latitude Nord	https://www.retronews.fr/journal/le-journal/2-octobre-1930/129/234117/1
Georges Le Fèvre	1930-10-03	Le Journal	Bergen	Norvège	60.394303	5.325812	Le Journal au Groenland — La 'Grande', chasseur de phoques	https://www.retronews.fr/journal/le-journal/3-octobre-1930/129/278713/1
Georges Le Fèvre	1930-10-04	Le Journal	Atlantique Nord		61.857293	-1.596754	Le Journal au Groenland — Douze hommes dans un bateau	https://www.retronews.fr/journal/le-journal/4-octobre-1930/129/577207/1
Georges Le Fèvre	1930-10-05	Le Journal	Au large des îles Feroé		62.012	-6.768000000000029	Le Journal au Groenland — Derniers contacts avec le monde européen	https://www.retronews.fr/journal/le-journal/5-octobre-1930/129/233135/1
Georges Le Fèvre	1930-10-07	Le Journal	Cercle polaire		63.09739804365903	-24.522531575000016	Le Journal au Groenland — Au seuil du cercle polaire	https://www.retronews.fr/journal/le-journal/7-octobre-1930/129/228321/1
Georges Le Fèvre	1930-10-08	Le Journal	Baie de Scoresby-Sund	Groenland	57.0198	9.951670000000036	Le Journal au Groenland — A l'assaut des glaces	https://www.retronews.fr/journal/le-journal/8-octobre-1930/129/227337/1
Georges Le Fèvre	1930-10-09	Le Journal	Baie de Scoresby-Sund	Groenland	57.0199	9.951670000000037	Le Journal au Groenland — Où l'on rencontre un Esquimau et trois Allemands	https://www.retronews.fr/journal/le-journal/9-octobre-1930/129/578059/1
Georges Le Fèvre	1930-10-10	Le Journal	Baie de Scoresby-Sund	Groenland	57.0200	9.951670000000038	Le Journal au Groenland — Dimanche à Scoresby Sund	https://www.retronews.fr/journal/le-journal/10-octobre-1930/129/110033/1
Georges Le Fèvre	1930-10-11	Le Journal	Baie de Scoresby-Sund	Groenland	57.0201	9.951670000000039	Le Journal au Groenland — A la recherche d'une base	https://www.retronews.fr/journal/le-journal/11-octobre-1930/129/227335/1
Georges Le Fèvre	1930-10-12	Le Journal	Baie de Hurry-Inlet	Groenland	57.0198	9.951670000000036	Le Journal au Groenland — Un message sur la banquise	https://www.retronews.fr/journal/le-journal/12-octobre-1930/129/656579/1
Georges Le Fèvre	1930-10-13	Le Journal	Baie de Hurry-Inlet	Groenland	57.0198	9.951670000000036	Le Journal au Groenland — Les exigences du 'Bistur'	https://www.retronews.fr/journal/le-journal/13-octobre-1930/129/247513/1
Georges Le Fèvre	1930-10-14	Le Journal	Baie de Scoresby-Sund	Groenland	57.0202	9.951670000000040	Le Journal au Groenland — Quelques Esquimaux	https://www.retronews.fr/journal/le-journal/14-octobre-1930/129/577205/1
Georges Le Fèvre	1930-10-15	Le Journal	Baie de Scoresby-Sund	Groenland	57.0203	9.951670000000041	Le Journal au Groenland — Emménagement sur un bloc de glace	https://www.retronews.fr/journal/le-journal/15-octobre-1930/129/278711/1
Georges Le Fèvre	1930-10-16	Le Journal	Baie de Scoresby-Sund	Groenland	57.0204	9.951670000000042	Le Journal au Groenland — Promenade vers le glacier	https://www.retronews.fr/journal/le-journal/16-octobre-1930/129/246539/1
Georges Le Fèvre	1930-10-17	Le Journal	Baie de Scoresby-Sund	Groenland	57.0205	9.951670000000043	Le Journal au Groenland — Adieu à Scoresby-Sund	https://www.retronews.fr/journal/le-journal/18-octobre-1930/129/234767/1
Georges Le Fèvre	1935-07-24	Le Journal	Paris	France	48.856697	2.351462	Paris = Berlin au ralenti	https://www.retronews.fr/journal/le-journal/24-juillet-1935/129/111925/1
Georges Le Fèvre	1935-07-25	Le Journal	Forbach	France	49.1862822	6.8958562	Paris = Berlin au ralenti — Frontières !	https://www.retronews.fr/journal/le-journal/25-juillet-1935/129/578521/1
Georges Le Fèvre	1935-07-26	Le Journal	Sarrebruck	Allemagne	49.234362	6.996379	Paris = Berlin au ralenti — Les 'pourquoi' et les 'parce que' d'un cycliste dans la Sarre	https://www.retronews.fr/journal/le-journal/26-juillet-1935/129/223669/1
Georges Le Fèvre	1935-07-27	Le Journal	Mayence	Allemagne	50.0012314	8.2762513	Paris = Berlin au ralenti — Sur le pavé de Mayence	https://www.retronews.fr/journal/le-journal/27-juillet-1935/129/278493/1
Georges Le Fèvre	1935-07-28	Le Journal	Francfort	Allemagne	50.1106	8.682090000000017	Paris = Berlin au ralenti — 'Triomphe de la volonté'	https://www.retronews.fr/journal/le-journal/28-juillet-1935/129/245677/1
Georges Le Fèvre	1935-07-29	Le Journal	Kirchain (auj. Kirchhain)	Allemagne	50.8269877	8.9275933	Paris = Berlin au ralenti — La politique du clocher	https://www.retronews.fr/journal/le-journal/29-juillet-1935/129/278491/1
Georges Le Fèvre	1935-07-30	Le Journal	Cassel	Allemagne	50.445	7.081819999999993	Paris = Berlin au ralenti — La Suisse de Cassel	https://www.retronews.fr/journal/le-journal/30-juillet-1935/129/227103/1
Georges Le Fèvre	1935-07-31	Le Journal	Le Harz	Allemagne	51.7249376	10.6948924	Paris = Berlin au ralenti — Rêverie dans le Harz	https://www.retronews.fr/journal/le-journal/31-juillet-1935/129/248225/4
Georges Le Fèvre	1935-08-01	Le Journal	Magdebourg	Allemagne	52.1315889	11.6399609	Paris = Berlin au ralenti — L'homélie de Magdebourg	https://www.retronews.fr/journal/le-journal/1-aout-1935/129/111923/1
Georges Le Fèvre	1935-08-02	Le Journal	Magdebourg	Allemagne	52.1315890	11.6399610	Paris = Berlin au ralenti — En selle pour la capitale	https://www.retronews.fr/journal/le-journal/2-aout-1935/129/227101/1
Georges Le Fèvre	1935-08-03	Le Journal	Berlin (Tiergarten)	Allemagne	52.5170376	13.3888610	Paris = Berlin au ralenti — Tiergarten Terminus	https://www.retronews.fr/journal/le-journal/3-aout-1935/129/578547/1
Georges Le Fèvre	1935-08-04	Le Journal	n.i.	Allemagne	51.0834196	10.4234469	Paris = Berlin au ralenti — Le passeport de vie	https://www.retronews.fr/journal/le-journal/4-aout-1935/129/240419/1
Georges Le Fèvre	1935-08-05	Le Journal	Paris	France	48.856698	2.351463	Paris = Berlin au ralenti — Une Allemagne forte nous contraint à organiser une France forte	https://www.retronews.fr/journal/le-journal/5-aout-1935/129/228077/1
Georges Le Fèvre	1935-09-26	L’intransigeant	n.i.	France	46.603354	1.888334	Les coulisses d'un grand hôtel — Travailleurs de vacances — 1. 'Altitude 900' caravanserail moderne	https://www.retronews.fr/journal/l-intransigeant/26-septembre-1935/44/925465/1
Georges Le Fèvre	1935-09-27	L’intransigeant	Un hôtel en Savoie	France	45.4948951	6.3846604	Les coulisses d'un grand hôtel — Travailleurs de vacances — II. Comment j'apprends le métier d'économe en épluchant les salades	https://www.retronews.fr/journal/l-intransigeant/27-septembre-1935/44/925413/1
Georges Le Fèvre	1935-09-28	L’intransigeant	Un hôtel en Savoie	France	45.4948952	6.3846605	Les coulisses d'un grand hôtel — Travailleurs de vacances — III. Où la question du régime est en cause	https://www.retronews.fr/journal/l-intransigeant/28-septembre-1935/44/942685/1
Georges Le Fèvre	1935-09-29	L’intransigeant	Un hôtel en Savoie	France	45.4948953	6.3846606	Les coulisses d'un grand hôtel — Travailleurs de vacances — IV. Us et coutumes de la 'restauration'	https://www.retronews.fr/journal/l-intransigeant/29-septembre-1935/44/942635/1
Georges Le Fèvre	1935-09-30	L’intransigeant	Un hôtel en Savoie	France	45.4948954	6.3846607	Les coulisses d'un grand hôtel — Travailleurs de vacances — V. Dans le royaume des sous-sols	https://www.retronews.fr/journal/l-intransigeant/30-septembre-1935/44/942825/1
Georges Le Fèvre	1935-10-01	L’intransigeant	Un hôtel en Savoie	France	45.4948955	6.3846608	Les coulisses d'un grand hôtel — Travailleurs de vacances — VI. Les arcanes de la 'Réception'	https://www.retronews.fr/journal/l-intransigeant/1-octobre-1935/44/942637/1
Georges Le Fèvre	1935-10-02	L’intransigeant	Un hôtel en Savoie	France	45.4948956	6.3846609	Les coulisses d'un grand hôtel — Travailleurs de vacances — VII. Le gala du 15 août	https://www.retronews.fr/journal/l-intransigeant/2-octobre-1935/44/942773/2
Georges Le Fèvre	1935-10-03	L’intransigeant	Un hôtel en Savoie	France	45.4948957	6.3846610	Les coulisses d'un grand hôtel — Travailleurs de vacances — VIII. La caravane du 17	https://www.retronews.fr/journal/l-intransigeant/3-octobre-1935/44/942793/2
Georges Le Fèvre	1935-10-04	L’intransigeant	Un hôtel en Savoie	France	45.4948958	6.3846611	Les coulisses d'un grand hôtel — Travailleurs de vacances — IX. Clients 1935	https://www.retronews.fr/journal/l-intransigeant/4-octobre-1935/44/925467/2
Georges Le Fèvre	1935-10-05	L’intransigeant	Un hôtel en Savoie	France	45.4948959	6.3846612	Les coulisses d'un grand hôtel — Travailleurs de vacances — X. L'opinion du Directeur	https://www.retronews.fr/journal/l-intransigeant/5-octobre-1935/44/925689/2
Georges Le Fèvre	1936-02-16	Le Journal	Paris	France	48.856697	2.351462	Je suis chomeur… — Dans le sombre cortège qui se rend au 'pointage'	https://www.retronews.fr/journal/le-journal/16-fevrier-1936/129/245899/1
Georges Le Fèvre	1936-02-17	Le Journal	Paris	France	48.856698	2.351463	Je suis chomeur… — Travail clandestin	https://www.retronews.fr/journal/le-journal/17-fevrier-1936/129/111649/1
Georges Le Fèvre	1936-02-18	Le Journal	Paris	France	48.856699	2.351464	Je suis chomeur… — Parodie de l'effort	https://www.retronews.fr/journal/le-journal/18-fevrier-1936/129/578577/1
Georges Le Fèvre	1936-02-19	Le Journal	Paris	France	48.856700	2.351465	Je suis chomeur… — Ah les p'tits pois !	https://www.retronews.fr/journal/le-journal/19-fevrier-1936/129/577529/1
Georges Le Fèvre	1936-02-20	Le Journal	Paris	France	48.856701	2.351466	Je suis chomeur… — Il faut recréer pour les 'réformés de la vie' la fierté et le goût de l'existence	https://www.retronews.fr/journal/le-journal/20-fevrier-1936/129/240123/1
Georges Le Fèvre	1936-02-21	Le Journal	Paris	France	48.856702	2.351467	Je suis chomeur… — Police !	https://www.retronews.fr/journal/le-journal/21-fevrier-1936/129/228659/1
Georges Le Fèvre	1936-02-22	Le Journal	Paris	France	48.856703	2.351468	Je suis chomeur… — Jeunesses mutilées	https://www.retronews.fr/journal/le-journal/22-fevrier-1936/129/248633/5
Georges Le Fèvre	1936-02-23	Le Journal	Paris	France	48.856704	2.351469	Je suis chomeur… — L'école de la Fraude	https://www.retronews.fr/journal/le-journal/23-fevrier-1936/129/240121/3
Georges Le Fèvre	1936-02-24	Le Journal	Paris	France	48.856705	2.351470	Je suis chomeur… — Le rapatrié	https://www.retronews.fr/journal/le-journal/24-fevrier-1936/129/578605/4
Georges Le Fèvre	1936-02-26	Le Journal	Paris	France	48.856706	2.351471	Conclusion de l'enquête de Georges Le Fèvre — Ajuster nos conceptions d'aujourd'hui aux nécessités de demain pour en finir avec le chômage	https://www.retronews.fr/journal/le-journal/26-fevrier-1936/129/391957/1
Georges Le Fèvre	1936-03-31	Le Journal	Une ville de province	France	46.603354	1.8883335	Stratégies électorales — X…, candidat — 'C'est peut-être un type comme ça qui sauvera la France !…'	https://www.retronews.fr/journal/le-journal/31-mars-1936/129/234439/1
Georges Le Fèvre	1936-04-01	Le Journal	Une ville de province	France	46.603355	1.8883336	Stratégies électorales — X…, candidat — Une circonscription où 'ils' n'ont personne	https://www.retronews.fr/journal/le-journal/1-avril-1936/129/233599/1
Georges Le Fèvre	1936-04-02	Le Journal	Une ville de province	France	46.603356	1.8883337	Stratégies électorales — X…, candidat — Naissance d'une candidature	https://www.retronews.fr/journal/le-journal/2-avril-1936/129/246031/1
Georges Le Fèvre	1936-04-03	Le Journal	Une ville de province	France	46.603357	1.8883338	Stratégies électorales — La conquête des maires	https://www.retronews.fr/journal/le-journal/3-avril-1936/129/577523/1
Georges Le Fèvre	1936-04-04	Le Journal	Une ville de province	France	46.603358	1.8883339	Stratégies électorales — 'Mes chers concitoyens !…'	https://www.retronews.fr/journal/le-journal/4-avril-1936/129/391999/1
Georges Le Fèvre	1937-05-07	Paris-Soir	Paris	France	48.856697	2.351462	Les Martyrs de la chance — Qu'ont-ils fait de leur fortune ? Et surtout qu'est-ce que la fortune a fait d'eux ?	https://www.retronews.fr/journal/paris-soir/7-mai-1937/131/108447/1
Georges Le Fèvre	1937-05-08	Paris-Soir	Cheniers (Creuse)	France	46.3521111	1.8267942	Les Martyrs de la chance — Rochetaillade le meunier cinq fois millionnaire coltine les sacs de farine comme avant	https://www.retronews.fr/journal/paris-soir/8-mai-1937/131/105441/5
Georges Le Fèvre	1937-05-09	Paris-Soir	Aulnay-sous-bois	France	48.5573728	27.0884122	Les Martyrs de la chance — '300.000 francs m'auraient suffi' nous dit M. Touzet le maraicher qui gagna 2.500.000 francs	https://www.retronews.fr/journal/paris-soir/9-mai-1937/131/106457/5
Georges Le Fèvre	1937-05-10	Paris-Soir	Aulnay-sous-bois	France	48.5573729	27.0884123	Les Martyrs de la chance — M. Athyas, homme heureux cultive les roses… et la reine	https://www.retronews.fr/journal/paris-soir/10-mai-1937/131/108443/5
Georges Le Fèvre	1937-05-11	Paris-Soir	Montpellier	France	43.6112422	3.8767337	Les Martyrs de la chance — Mme Merle, épicière à Quissac, veut devenir une grande bourgeoise de Montpellier	https://www.retronews.fr/journal/paris-soir/11-mai-1937/131/107447/5
Georges Le Fèvre	1937-05-12	Paris-Soir	Marseille	France	43.2961743	5.3699525	Les Martyrs de la chance — Effrayés par la fortune l'ex-boulanger Reynaud et sa femme se cachent à Marseille	https://www.retronews.fr/journal/paris-soir/12-mai-1937/131/96079/7
Georges Le Fèvre	1937-05-14	Paris-Soir	Trignac	France	47.3024872	-2.2123695	Les Martyrs de la chance — Mme Coste n'abandonnera jamais son bureau de tabac	https://www.retronews.fr/journal/paris-soir/14-mai-1937/131/108441/7
Georges Le Fèvre	1937-05-15	Paris-Soir	Cannes	France	43.5515198	7.0134418	Les Martyrs de la chance — Charbonnier aux mains blanches Louis Ribière considère à Cannes la vie comme un sport	https://www.retronews.fr/journal/paris-soir/15-mai-1937/131/98917/5
Georges Le Fèvre	1937-05-16	Paris-Soir	Beauvoir (près de Tarascon)	France	43.8058	4.660280000000057	Les Martyrs de la chance — Paul Bonhoure le roi des gagnants définit ses responsabilités et regrette un peu son passé	https://www.retronews.fr/journal/paris-soir/16-mai-1937/131/106455/7
Georges Le Fèvre	1937-05-17	Paris-Soir	Banyuls-sur-mer	France	42.4822	3.127430000000004	Les Martyrs de la chance — Bonaventure Terradeil et Lucien Narcisse vivaient à Banyuls	https://www.retronews.fr/journal/paris-soir/17-mai-1937/131/103415/5
Georges Le Fèvre	1937-05-18	Paris-Soir	Herbeuville	France	49.0456	5.63677000000007	Les Martyrs de la chance — Satisfait de ses millions Emile Labriet rassure sa femme qui en a peur	https://www.retronews.fr/journal/paris-soir/18-mai-1937/131/99899/5
Georges Le Fèvre	1937-05-19	Paris-Soir	Constantine	France (auj. Algérie)	36.3645	6.608259999999973	Les Martyrs de la chance — Fiorentino le marchand de vin de Constantine a construit un palais… Mais il vit dans sa boutique	https://www.retronews.fr/journal/paris-soir/19-mai-1937/131/98915/5
Georges Le Fèvre	1937-05-20	Paris-Soir	Entre Marseille et Paris	France	48.856697	2.351462	Les Martyrs de la chance — Le treizième cas ? C'est le gagnant inconnu	https://www.retronews.fr/journal/paris-soir/20-mai-1937/131/96077/5
Georges Le Fèvre	1937-06-18	Le Journal	Gare d'Austerlitz	France	48.8412453	2.3663585	La Foudre humaine — A 120 à l'heure à bord de la 2-D-2.507	https://www.retronews.fr/journal/le-journal/18-juin-1937/129/227813/3
Georges Le Fèvre	1937-06-19	Le Journal	n.i.	France	46.603354	1.888334	La Foudre humaine — Sur la 240-706, locomotive à vapeur de grand rapide, 'faire l'heure' est un tour de force quotidien	https://www.retronews.fr/journal/le-journal/19-juin-1937/129/233603/7
Georges Le Fèvre	1937-06-20	Le Journal	n.i.	France	46.603354	1.888334	La Foudre humaine — Griefs de techniciens contre la locomotive à vapeur : 'machine à gaspiller l'énergie'	https://www.retronews.fr/journal/le-journal/20-juin-1937/129/345069/6
Georges Le Fèvre	1937-06-21	Le Journal	Orléans	France	47.9022	1.9040499999999838	La Foudre humaine — Pour lutter contre la route la voie ferrée doit être électrifiée	https://www.retronews.fr/journal/le-journal/21-juin-1937/129/111725/3
Georges Le Fèvre	1938-03-17	Le Journal	Prague	Tchecoslovaquie	50.0874654	14.4212535	En survolant l'Europe centrale — Le visage de Prague est soucieux mais  résolu	https://www.retronews.fr/journal/le-journal/17-mars-1938/129/248129/1
Georges Le Fèvre	1938-03-21	Le Journal	Budapest	Hongrie	47.4983815	19.0404707	En survolant l'Europe centrale — L'ombre d'Hitler va-t-elle se répandre sur la Hongrie ?	https://www.retronews.fr/journal/le-journal/21-mars-1938/129/578819/1
Georges Le Fèvre	1938-03-22	Le Journal	Budapest	Hongrie	47.4983816	19.0404708	En survolant l'Europe centrale — Budapest est inquiète	https://www.retronews.fr/journal/le-journal/22-mars-1938/129/108989/5
Georges Le Fèvre	1938-03-26	Le Journal	Belgrade	Yougoslavie	44.8178131	20.4568974	En survolant l'Europe centrale — Angoisse de la Yougoslavie	https://www.retronews.fr/journal/le-journal/26-mars-1938/129/233747/5
Georges Le Fèvre	1938-11-03	Le Journal	n.i.	France	46.603354	1.888334	En détresse	https://www.retronews.fr/journal/le-journal/3-novembre-1938/129/278231/1
Georges Le Fèvre	1938-11-04	Le Journal	n.i.	France	46.603355	1.888335	En détresse — Mea Culpa	https://www.retronews.fr/journal/le-journal/4-novembre-1938/129/112369/1
Georges Le Fèvre	1938-11-05	Le Journal	n.i.	France	46.603356	1.888336	En détresse — Le bilan	https://www.retronews.fr/journal/le-journal/5-novembre-1938/129/245981/1
Georges Le Fèvre	1938-11-06	Le Journal	n.i.	France	46.603357	1.888337	En détresse — L'aveugle et le sourd-muet	https://www.retronews.fr/journal/le-journal/6-novembre-1938/129/232557/4
Georges Le Fèvre	1938-11-07	Le Journal	n.i.	France	46.603358	1.888338	En détresse — France garde-toi à droite !	https://www.retronews.fr/journal/le-journal/7-novembre-1938/129/234477/5
Georges Le Fèvre	1938-11-08	Le Journal	n.i.	France	46.603359	1.888339	En détresse — France garde-toi à gauche !	https://www.retronews.fr/journal/le-journal/8-novembre-1938/129/226751/5
Georges Le Fèvre	1938-11-09	Le Journal	n.i.	France	46.603360	1.888340	En détresse — Un miracle ? Non un réveil	https://www.retronews.fr/journal/le-journal/9-novembre-1938/129/232555/3
Georges Le Fèvre	1938-11-10	Le Journal	n.i.	France	46.603361	1.888341	En détresse — Comment conserver un empire ?	https://www.retronews.fr/journal/le-journal/10-novembre-1938/129/245977/3
Georges Le Fèvre	1938-11-13	Le Journal	n.i.	France	46.603362	1.888342	En détresse — L'école du sacrifice	https://www.retronews.fr/journal/le-journal/13-novembre-1938/129/109471/1
Georges Le Fèvre	1940-01-24	Le Journal	Paris	France	48.856698	2.351463	De la place de l'Opéra aux bords du Niger par l'aérobus	https://www.retronews.fr/journal/le-journal/24-janvier-1940/129/240183/1
Georges Le Fèvre	1940-01-25	Le Journal	Dakar	Sénégal	14.693425	-17.447938	De l'Opéra au Niger — 'Et la purée de bébé ?' réclame en plein Sahara la voyageuse de l'aérobus	https://www.retronews.fr/journal/le-journal/25-janvier-1940/129/250275/1
Georges Le Fèvre	1940-01-26	Le Journal	Dakar	Sénégal	14.693426	-17.447939	L'Afrique noire, banlieue de notre Empire	https://www.retronews.fr/journal/le-journal/26-janvier-1940/129/250277/2
